{
  "results": [
    {
      "command": "./zig-out/bin/tokenizer_bench",
      "mean": 0.60705471,
      "stddev": 0.017840151803273835,
      "median": 0.6049816053000001,
      "user": 0.26085488,
      "system": 0.3433645799999999,
      "min": 0.5873422728000001,
      "max": 0.6456228138000001,
      "times": [
        0.6055403138000001,
        0.6048982718000001,
        0.5920527728,
        0.5873422728000001,
        0.5909593978000001,
        0.5971118148000001,
        0.6228218148000001,
        0.6456228138000001,
        0.6191326888,
        0.6050649388
      ],
      "memory_usage_byte": [
        2064384,
        2064384,
        2064384,
        2064384,
        2064384,
        2064384,
        2064384,
        2064384,
        2064384,
        2064384
      ],
      "exit_codes": [
        0,
        0,
        0,
        0,
        0,
        0,
        0,
        0,
        0,
        0
      ]
    },
    {
      "command": "./benchmark_rust/./target/release/bench",
      "mean": 0.031640601500000004,
      "stddev": 0.0003795235261046426,
      "median": 0.0317351473,
      "user": 0.050939479999999995,
      "system": 0.019952079999999997,
      "min": 0.0307746888,
      "max": 0.03208685580000001,
      "times": [
        0.03208685580000001,
        0.031961480800000004,
        0.031675105800000006,
        0.03156948080000001,
        0.03185427280000001,
        0.031795188800000006,
        0.0314610218,
        0.0313541888,
        0.0307746888,
        0.03187373080000001
      ],
      "memory_usage_byte": [
        2867200,
        2867200,
        2867200,
        2867200,
        2867200,
        2867200,
        2867200,
        2867200,
        2867200,
        2867200
      ],
      "exit_codes": [
        0,
        0,
        0,
        0,
        0,
        0,
        0,
        0,
        0,
        0
      ]
    }
  ]
}
