{
  "results": [
    {
      "command": "./zig-out/bin/tokenizer_bench",
      "mean": 0.4688009589,
      "stddev": 0.017456773802001058,
      "median": 0.46143337110000004,
      "user": 0.12637264,
      "system": 0.33628576000000004,
      "min": 0.45373843410000003,
      "max": 0.5045531421,
      "times": [
        0.49667672510000005,
        0.45373843410000003,
        0.4619193501,
        0.46775801710000003,
        0.4552494341,
        0.4609473921,
        0.5045531421,
        0.46005105910000005,
        0.4593633931,
        0.46775264210000006
      ],
      "memory_usage_byte": [
        2686976,
        2686976,
        2686976,
        2686976,
        2686976,
        2686976,
        2686976,
        2686976,
        2686976,
        2686976
      ],
      "exit_codes": [
        0,
        0,
        0,
        0,
        0,
        0,
        0,
        0,
        0,
        0
      ]
    },
    {
      "command": "./benchmark_rust/./target/release/bench",
      "mean": 0.5093565798,
      "stddev": 0.004925986416312518,
      "median": 0.5088908506,
      "user": 0.5419505399999999,
      "system": 0.09408326,
      "min": 0.5001147671,
      "max": 0.5152068931,
      "times": [
        0.5078446841,
        0.5088631841000001,
        0.5152068931,
        0.5031886421,
        0.5122276421,
        0.5001147671,
        0.5089185171,
        0.5147399341000001,
        0.5138516001000001,
        0.5086099341
      ],
      "memory_usage_byte": [
        3342336,
        3342336,
        3342336,
        3342336,
        3342336,
        3375104,
        3375104,
        3375104,
        3375104,
        3375104
      ],
      "exit_codes": [
        0,
        0,
        0,
        0,
        0,
        0,
        0,
        0,
        0,
        0
      ]
    }
  ]
}
